INSERT INTO users (id, login, first_name, last_name, middle_name, email, password_hash, role) VALUES
('a0000001-0000-4000-8000-000000000001', 'doctor_smirnov', 'Иван', 'Смирнов', 'Петрович', 'smirnov@hospital.ru', '$2b$12$hash...', 'doctor'),
('a0000001-0000-4000-8000-000000000002', 'doctor_volkova', 'Мария', 'Волкова', 'Александровна', 'volkova@hospital.ru', '$2b$12$hash...', 'doctor'),
('a0000001-0000-4000-8000-000000000003', 'admin_kozlov', 'Алексей', 'Козлов', 'Дмитриевич', 'admin@hospital.ru', '$2b$12$hash...', 'admin'),
('a0000001-0000-4000-8000-000000000004', 'lab_petrov', 'Сергей', 'Петров', 'Иванович', 'petrov@lab.ru', '$2b$12$hash...', 'lab_technician'),
('a0000001-0000-4000-8000-000000000005', 'patient_ivanov', 'Дмитрий', 'Иванов', 'Сергеевич', 'ivanov@email.ru', '$2b$12$hash...', 'patient'),
('a0000001-0000-4000-8000-000000000006', 'patient_sidorova', 'Анна', 'Сидорова', 'Михайловна', 'sidorova@email.ru', '$2b$12$hash...', 'patient'),
('a0000001-0000-4000-8000-000000000007', 'patient_kuznetsov', 'Михаил', 'Кузнецов', 'Андреевич', 'kuznetsov@email.ru', '$2b$12$hash...', 'patient'),
('a0000001-0000-4000-8000-000000000008', 'patient_morozova', 'Елена', 'Морозова', 'Владимировна', 'morozova@email.ru', '$2b$12$hash...', 'patient'),
('a0000001-0000-4000-8000-000000000009', 'patient_novikov', 'Александр', 'Новиков', 'Павлович', 'novikov@email.ru', '$2b$12$hash...', 'patient'),
('a0000001-0000-4000-8000-000000000010', 'patient_sokolova', 'Ольга', 'Соколова', 'Игоревна', 'sokolova@email.ru', '$2b$12$hash...', 'patient'),
('a0000001-0000-4000-8000-000000000011', 'patient_lebedev', 'Павел', 'Лебедев', 'Алексеевич', 'lebedev@email.ru', '$2b$12$hash...', 'patient'),
('a0000001-0000-4000-8000-000000000012', 'patient_pavlova', 'Татьяна', 'Павлова', 'Дмитриевна', 'pavlova@email.ru', '$2b$12$hash...', 'patient');

INSERT INTO patients (id, user_id, birth_date, phone, policy_number, snils, address) VALUES
('b0000001-0000-4000-8000-000000000001', 'a0000001-0000-4000-8000-000000000005', '1985-03-15', '+79161234567', '1234567890123456', '123-456-789 00', 'г. Москва, ул. Ленина, 10'),
('b0000001-0000-4000-8000-000000000002', 'a0000001-0000-4000-8000-000000000006', '1990-07-22', '+79162345678', '2345678901234567', '234-567-890 11', 'г. Москва, ул. Пушкина, 25'),
('b0000001-0000-4000-8000-000000000003', 'a0000001-0000-4000-8000-000000000007', '1978-11-30', '+79163456789', '3456789012345678', '345-678-901 22', 'г. Подольск, ул. Гагарина, 5'),
('b0000001-0000-4000-8000-000000000004', 'a0000001-0000-4000-8000-000000000008', '1995-01-10', '+79164567890', '4567890123456789', '456-789-012 33', 'г. Москва, ул. Тверская, 15'),
('b0000001-0000-4000-8000-000000000005', 'a0000001-0000-4000-8000-000000000009', '1982-09-05', '+79165678901', '5678901234567890', '567-890-123 44', 'г. Химки, ул. Советская, 30'),
('b0000001-0000-4000-8000-000000000006', 'a0000001-0000-4000-8000-000000000010', '2000-12-25', '+79166789012', '6789012345678901', '678-901-234 55', 'г. Москва, ул. Арбат, 8'),
('b0000001-0000-4000-8000-000000000007', 'a0000001-0000-4000-8000-000000000011', '1975-06-18', '+79167890123', '7890123456789012', '789-012-345 66', 'г. Мытищи, ул. Мира, 12'),
('b0000001-0000-4000-8000-000000000008', 'a0000001-0000-4000-8000-000000000012', '1988-04-03', '+79168901234', '8901234567890123', '890-123-456 77', 'г. Москва, ул. Садовая, 20'),
('b0000001-0000-4000-8000-000000000009', 'a0000001-0000-4000-8000-000000000001', '1980-08-12', '+79169012345', '9012345678901234', '901-234-567 88', 'г. Москва, ул. Врачебная, 1'),
('b0000001-0000-4000-8000-000000000010', 'a0000001-0000-4000-8000-000000000002', '1987-02-28', '+79160123456', '0123456789012345', '012-345-678 99', 'г. Москва, ул. Медицинская, 3');

INSERT INTO medical_records (id, code, patient_id, doctor_id, diagnosis, description, treatment, notes, status, visit_date) VALUES
('c0000001-0000-4000-8000-000000000001', 'REC-2024-001', 'b0000001-0000-4000-8000-000000000001', 'a0000001-0000-4000-8000-000000000001', 'Гипертоническая болезнь II стадии', 'Повышенное АД до 160/100', 'Эналаприл 10мг 2р/д', 'Контроль АД ежедневно', 'confirmed', '2024-01-15'),
('c0000001-0000-4000-8000-000000000002', 'REC-2024-002', 'b0000001-0000-4000-8000-000000000002', 'a0000001-0000-4000-8000-000000000002', 'Острый бронхит', 'Кашель с мокротой, t 37.8', 'Амброксол, обильное питье', 'Явка через 5 дней', 'confirmed', '2024-01-18'),
('c0000001-0000-4000-8000-000000000003', 'REC-2024-003', 'b0000001-0000-4000-8000-000000000003', 'a0000001-0000-4000-8000-000000000001', 'Остеохондроз поясничного отдела', 'Боли в пояснице', 'Диклофенак гель, ЛФК', 'Исключить тяжести', 'confirmed', '2024-01-20'),
('c0000001-0000-4000-8000-000000000004', 'REC-2024-004', 'b0000001-0000-4000-8000-000000000004', 'a0000001-0000-4000-8000-000000000002', 'Сахарный диабет 2 типа', 'Глюкоза 7.8 ммоль/л', 'Метформин 500мг, диета №9', 'Консультация эндокринолога', 'confirmed', '2024-01-22'),
('c0000001-0000-4000-8000-000000000005', 'REC-2024-005', 'b0000001-0000-4000-8000-000000000005', 'a0000001-0000-4000-8000-000000000001', 'Гастрит хронический', 'Боли в эпигастрии', 'Омепразол 20мг, диета №1', 'ФГДС через 2 недели', 'confirmed', '2024-01-25'),
('c0000001-0000-4000-8000-000000000006', 'REC-2024-006', 'b0000001-0000-4000-8000-000000000006', 'a0000001-0000-4000-8000-000000000002', 'Анемия железодефицитная', 'Гемоглобин 98 г/л', 'Сорбифер дурулес', 'Контроль ОАК через месяц', 'confirmed', '2024-01-28'),
('c0000001-0000-4000-8000-000000000007', 'REC-2024-007', 'b0000001-0000-4000-8000-000000000007', 'a0000001-0000-4000-8000-000000000001', 'Артериальная гипертензия', 'АД 150/95', 'Лозартан 50мг', 'Консультация кардиолога', 'confirmed', '2024-02-01'),
('c0000001-0000-4000-8000-000000000008', 'REC-2024-008', 'b0000001-0000-4000-8000-000000000008', 'a0000001-0000-4000-8000-000000000002', 'ОРВИ', 'Насморк, боль в горле', 'Симптоматическая терапия', 'Больничный 5 дней', 'confirmed', '2024-02-05'),
('c0000001-0000-4000-8000-000000000009', 'REC-2024-009', 'b0000001-0000-4000-8000-000000000001', 'a0000001-0000-4000-8000-000000000002', 'Контрольный осмотр', 'АД 130/85, жалоб нет', 'Продолжить терапию', 'Рекомендовано снижение веса', 'confirmed', '2024-02-10'),
('c0000001-0000-4000-8000-000000000010', 'REC-2024-010', 'b0000001-0000-4000-8000-000000000002', 'a0000001-0000-4000-8000-000000000001', 'Пневмония правосторонняя', 'Инфильтрат в нижней доле', 'Амоксициллин/клавуланат', 'Контрольный рентген', 'confirmed', '2024-02-12'),
('c0000001-0000-4000-8000-000000000011', 'REC-2024-011', 'b0000001-0000-4000-8000-000000000003', 'a0000001-0000-4000-8000-000000000002', 'Мигрень', 'Приступы головной боли', 'Суматриптан при приступе', 'Дневник головной боли', 'draft', '2024-02-15'),
('c0000001-0000-4000-8000-000000000012', 'REC-2024-012', 'b0000001-0000-4000-8000-000000000004', 'a0000001-0000-4000-8000-000000000001', 'Дислипидемия', 'Холестерин 6.8 ммоль/л', 'Аторвастатин 20мг', 'Контроль липидограммы', 'confirmed', '2024-02-18'),
('c0000001-0000-4000-8000-000000000013', 'REC-2024-013', 'b0000001-0000-4000-8000-000000000005', 'a0000001-0000-4000-8000-000000000002', 'Рефлюкс-эзофагит', 'Изжога, регургитация', 'Эзомепразол 40мг', 'ФГДС контроль', 'confirmed', '2024-02-20'),
('c0000001-0000-4000-8000-000000000014', 'REC-2024-014', 'b0000001-0000-4000-8000-000000000006', 'a0000001-0000-4000-8000-000000000001', 'Витамин D дефицит', '25(OH)D = 18 нг/мл', 'Холекальциферол 2000 МЕ', 'Повторный анализ', 'confirmed', '2024-02-22'),
('c0000001-0000-4000-8000-000000000015', 'REC-2024-015', 'b0000001-0000-4000-8000-000000000007', 'a0000001-0000-4000-8000-000000000002', 'Аллергический ринит', 'Сезонное обострение', 'Лоратадин 10мг', 'Избегать аллергены', 'confirmed', '2024-02-25');